<?xml version="1.0" encoding="UTF-8"?>
<Configuration>
    <Appenders>
        <Console name="LogToConsole" target="SYSTEM_OUT">
            <PatternLayout pattern="%d{HH:mm:ss.SSS} [%t] %-5level %logger{36} - %msg%n"/>
        </Console>
        <File name="LogToFile" fileName="app.log">
            <PatternLayout>
                <Pattern>%d %p %c{1.} [%t] %m%n</Pattern>
            </PatternLayout>
        </File>
    </Appenders>
    <Loggers>
        <!--
        <Logger name="teoria.demo_logger" level="error">
          <AppenderRef ref="LogToConsole"/>
       </Logger>
       <Logger name="practica.ejercicios1.soluciones" level="debug">
          <AppenderRef ref="LogToConsole"/>
       </Logger>
       -->
        <Root level="error">
            <AppenderRef ref="LogToFile"/>
            <!-- <AppenderRef ref="LogToConsole"/> -->
        </Root>
    </Loggers>
</Configuration>
