--MEDICO
Insert into MEDICO (NUMCOL,NOMBRE,ESPECIALIDAD,ALTA) values (464656789,'Carmen Calvo','GENERAL','07/08/2015');
Insert into MEDICO (NUMCOL,NOMBRE,ESPECIALIDAD,ALTA) values (464612345,'Fernando Gómez','ALERGIA','01/02/2017');
Insert into MEDICO (NUMCOL,NOMBRE,ESPECIALIDAD,ALTA) values (461200001,'Julio Vila','PSIQUIATRÍA','05/11/2016');
Insert into MEDICO (NUMCOL,NOMBRE,ESPECIALIDAD,ALTA) values (464600000,'Jesús Lorenzo','GENERAL','01/01/2017');
Insert into MEDICO (NUMCOL,NOMBRE,ESPECIALIDAD,ALTA) values (464600002,'Julia Navarro','PEDIATRÍA','03/04/2015');
Insert into MEDICO (NUMCOL,NOMBRE,ESPECIALIDAD,ALTA) values (464600010,'Pascual Fos','GENERAL','19/07/2015');
Insert into MEDICO (NUMCOL,NOMBRE,ESPECIALIDAD,ALTA) values (464900000,'Georgina Gil','DIGESTIVO','01/01/2019');
Insert into MEDICO (NUMCOL,NOMBRE,ESPECIALIDAD,ALTA) values (234600001,'Martina Klein','GENERAL','25/06/2016');
Insert into MEDICO (NUMCOL,NOMBRE,ESPECIALIDAD,ALTA) values (174600100,'Marta Fernández','DIGESTIVO','18/05/2020');
Insert into MEDICO (NUMCOL,NOMBRE,ESPECIALIDAD,ALTA) values (473400234,'Gregorio Fernández','DIGESTIVO','22/09/2020');
Insert into MEDICO (NUMCOL,NOMBRE,ESPECIALIDAD,ALTA) values (474700111,'Sara Varela','DIGESTIVO','19/01/2021');
Insert into MEDICO (NUMCOL,NOMBRE,ESPECIALIDAD,ALTA) values (514611111,'Vega Lucilda','ALERGIA','05/03/2022');
Insert into MEDICO (NUMCOL,NOMBRE,ESPECIALIDAD,ALTA) values (514611112,'Antón Pirulero','DIGESTIVO','12/11/2023');
Insert into MEDICO (NUMCOL,NOMBRE,ESPECIALIDAD,ALTA) values (184612345,'María Sarmiento','DIGESTIVO','05/03/2022');


commit;

--PACIENTE
Insert into PACIENTE (CODPAC,NOMBRE,ALTA,TIPO,TFNO,EMAIL) values ('P001','          GUI11LLE2RMO 3TELL               ','28/06/2018','ESPORADICO','625889968','gtel@gmail.com');
Insert into PACIENTE (CODPAC,NOMBRE,ALTA,TIPO,TFNO,EMAIL) values ('P002','Héc2222tor C123alv5566o                 ','18/04/2018','VIP','600323232','pongo lo que yo quiero');
Insert into PACIENTE (CODPAC,NOMBRE,ALTA,TIPO,TFNO,EMAIL) values ('P004','TEreSA BAUTISTA999999999999999999','01/01/2015','VIP','605889977',null);
Insert into PACIENTE (CODPAC,NOMBRE,ALTA,TIPO,TFNO,EMAIL) values ('P1111','     YOSEMITE 000000houseS','25/09/2014','HABITUAL','625145588','oretes@hotmail.com');
Insert into PACIENTE (CODPAC,NOMBRE,ALTA,TIPO,TFNO,EMAIL) values ('555555','rick 5555GRImes0123456789','05/05/2015','HABITUAL','68966332','soypoli@gmail.com');
Insert into PACIENTE (CODPAC,NOMBRE,ALTA,TIPO,TFNO,EMAIL) values ('P0089','          Meredith grey','09/02/2011','HABITUAL','666333999','soycirujana@gmx.com');
Insert into PACIENTE (CODPAC,NOMBRE,ALTA,TIPO,TFNO,EMAIL) values ('P321','     SUsAniTa6666 RaTOn       ','01/02/2024','VIP','657890045','s.raton@alu.edu.gva.com');
Insert into PACIENTE (CODPAC,NOMBRE,ALTA,TIPO,TFNO,EMAIL) values ('P444','CaRmEn1234567890 PErEz     ','02/02/2024','ESPORADICO','657890045','c.perez@gmail.com');
Insert into PACIENTE (CODPAC,NOMBRE,ALTA,TIPO,TFNO,EMAIL) values ('P500','        TEO2389999990 FEO     ','02/02/2024','ESPORADICO','657890045','teofeo@gmail.com');
commit;

--SALA
Insert into SALA (NUMSALA,UBICACION) values (1,'HALL');
Insert into SALA (NUMSALA,UBICACION) values (2,'HALL');
Insert into SALA (NUMSALA,UBICACION) values (3,'HALL');
Insert into SALA (NUMSALA,UBICACION) values (30,'PASILLO CENTRAL');
Insert into SALA (NUMSALA,UBICACION) values (40,'PASILLO CENTRAL');
Insert into SALA (NUMSALA,UBICACION) values (50,'PASILLO CENTRAL');
Insert into SALA (NUMSALA,UBICACION) values (101,'PRIMER PISO DERECHA');
Insert into SALA (NUMSALA,UBICACION) values (102,'PRIMER PISO DERECHA');
Insert into SALA (NUMSALA,UBICACION) values (103,'PRIMER PISO DERECHA');
Insert into SALA (NUMSALA,UBICACION) values (111,'PRIMER PISO IZQUIERDA');
Insert into SALA (NUMSALA,UBICACION) values (112,'PRIMER PISO IZQUIERDA');
Insert into SALA (NUMSALA,UBICACION) values (113,'PRIMER PISO IZQUIERDA');
Insert into SALA (NUMSALA,UBICACION) values (201,'SEGUNDO PISO DERECHA');
Insert into SALA (NUMSALA,UBICACION) values (202,'SEGUNDO PISO DERECHA');
Insert into SALA (NUMSALA,UBICACION) values (203,'SEGUNDO PISO DERECHA');
Insert into SALA (NUMSALA,UBICACION) values (204,'SEGUNDO PISO DERECHA');
Insert into SALA (NUMSALA,UBICACION) values (211,'SEGUNDO PISO IZQUIERDA');
Insert into SALA (NUMSALA,UBICACION) values (212,'SEGUNDO PISO IZQUIERDA');
Insert into SALA (NUMSALA,UBICACION) values (213,'SEGUNDO PISO IZQUIERDA');
Insert into SALA (NUMSALA,UBICACION) values (214,'SEGUNDO PISO IZQUIERDA');
commit;

--CITA
Insert into CITA (FECHA,HORA,PACIENTE,MEDICO,OBSERVACIONES) values ('07/07/2015','15:00','P001',464656789,'primera visita');
Insert into CITA (FECHA,HORA,PACIENTE,MEDICO,OBSERVACIONES) values ('08/09/2015','15:00','P001',464656789,null);
Insert into CITA (FECHA,HORA,PACIENTE,MEDICO,OBSERVACIONES) values ('10/11/2015','15:30','P001',464656789,null);
Insert into CITA (FECHA,HORA,PACIENTE,MEDICO,OBSERVACIONES) values ('08/01/2016','15:00','P001',464656789,null);
Insert into CITA (FECHA,HORA,PACIENTE,MEDICO,OBSERVACIONES) values ('11/03/2016','15:00','P001',464656789,null);
Insert into CITA (FECHA,HORA,PACIENTE,MEDICO,OBSERVACIONES) values ('22/10/2016','16:00','P001',464656789,'Trae placas');
Insert into CITA (FECHA,HORA,PACIENTE,MEDICO,OBSERVACIONES) values ('02/01/2023','11:00','P001',464656789,null);
Insert into CITA (FECHA,HORA,PACIENTE,MEDICO,OBSERVACIONES) values ('06/03/2023','12:00','P001',461200001,null);
Insert into CITA (FECHA,HORA,PACIENTE,MEDICO,OBSERVACIONES) values ('17/02/2024','14:15','P001',461200001,null);
Insert into CITA (FECHA,HORA,PACIENTE,MEDICO,OBSERVACIONES) values ('06/03/2024','15:00','P001',464656789,null);
Insert into CITA (FECHA,HORA,PACIENTE,MEDICO,OBSERVACIONES) values ('14/05/2017','17:00','P002',464600000,'primera visita');
Insert into CITA (FECHA,HORA,PACIENTE,MEDICO,OBSERVACIONES) values ('14/12/2019','17:00','P002',464600000,null);
Insert into CITA (FECHA,HORA,PACIENTE,MEDICO,OBSERVACIONES) values ('18/01/2020','17:00','P002',464600000,'Insiste en constipado que no se le va');
Insert into CITA (FECHA,HORA,PACIENTE,MEDICO,OBSERVACIONES) values ('22/02/2020','17:00','P002',464600000,'Cree que es COVID');
Insert into CITA (FECHA,HORA,PACIENTE,MEDICO,OBSERVACIONES) values ('15/04/2022','17:00','P002',464600000,null);
Insert into CITA (FECHA,HORA,PACIENTE,MEDICO,OBSERVACIONES) values ('20/05/2022','12:30','P002',464656789,null);
Insert into CITA (FECHA,HORA,PACIENTE,MEDICO,OBSERVACIONES) values ('29/03/2024','11:00','P002',464656789,null);
Insert into CITA (FECHA,HORA,PACIENTE,MEDICO,OBSERVACIONES) values ('03/05/2024','18:00','P002',464600000,null);
Insert into CITA (FECHA,HORA,PACIENTE,MEDICO,OBSERVACIONES) values ('08/08/2016','14:30','P004',464600010,'primera visita');
Insert into CITA (FECHA,HORA,PACIENTE,MEDICO,OBSERVACIONES) values ('15/03/2024','13:00','P004',464600010,null);
Insert into CITA (FECHA,HORA,PACIENTE,MEDICO,OBSERVACIONES) values ('06/03/2024','12:00','P444',461200001,null);
Insert into CITA (FECHA,HORA,PACIENTE,MEDICO,OBSERVACIONES) values ('08/03/2024','12:00','P444',461200001,null);
Insert into CITA (FECHA,HORA,PACIENTE,MEDICO,OBSERVACIONES) values ('12/03/2024','12:00','P444',461200001,null);
Insert into CITA (FECHA,HORA,PACIENTE,MEDICO,OBSERVACIONES) values ('17/03/2024','12:00','P444',461200001,null);
Insert into CITA (FECHA,HORA,PACIENTE,MEDICO,OBSERVACIONES) values ('20/03/2024','13:30','P444',461200001,null);
Insert into CITA (FECHA,HORA,PACIENTE,MEDICO,OBSERVACIONES) values ('25/03/2024','12:00','P444',461200001,null);
Insert into CITA (FECHA,HORA,PACIENTE,MEDICO,OBSERVACIONES) values ('30/03/2024','12:00','P444',461200001,null);
Insert into CITA (FECHA,HORA,PACIENTE,MEDICO,OBSERVACIONES) values ('18/03/2024','12:00','555555',464656789,'Primera visita. Trae placas');
Insert into CITA (FECHA,HORA,PACIENTE,MEDICO,OBSERVACIONES) values ('26/08/2024','09:00','555555',464600000,null);
Insert into CITA (FECHA,HORA,PACIENTE,MEDICO,OBSERVACIONES) values ('18/03/2024','12:30','P0089',464656789,'Tiene miedo a los médicos');
Insert into CITA (FECHA,HORA,PACIENTE,MEDICO,OBSERVACIONES) values ('04/05/2024','09:00','P321',464600002,'primera visita');
commit;

--VISITA
Insert into VISITA (NUMVISITA,FECHA,HORA,PACIENTE,SALA,DIAGNOSTICO,PRECIO) values (1,'07/07/2015','15:00','P001',111,'Resfriado común. Antipiréticos y si no mejora venir en una semana',35.5);
Insert into VISITA (NUMVISITA,FECHA,HORA,PACIENTE,SALA,DIAGNOSTICO,PRECIO) values (2,'08/09/2015','15:00','P001',111,'Mejora del resfriado. <<me pica too>>Sarpullido en la cara por la medicación',37);
Insert into VISITA (NUMVISITA,FECHA,HORA,PACIENTE,SALA,DIAGNOSTICO,PRECIO) values (3,'10/11/2015','15:30','P001',111,'Almorrana infectada. Antibioticos específicos',18);
Insert into VISITA (NUMVISITA,FECHA,HORA,PACIENTE,SALA,DIAGNOSTICO,PRECIO) values (4,'08/01/2016','15:00','P001',111,'Sinusitis Leve. Antibiotico especifico. <<MENTIRA TODO>>Visita en una semana',20);
Insert into VISITA (NUMVISITA,FECHA,HORA,PACIENTE,SALA,DIAGNOSTICO,PRECIO) values (5,'11/03/2016','15:00','P001',111,'Ataque de calor. aNSIEDAD SEVERA. Quitarse los sueters de lana y el nórdico<<este paciente es tonto>>',25);
Insert into VISITA (NUMVISITA,FECHA,HORA,PACIENTE,SALA,DIAGNOSTICO,PRECIO) values (6,'08/08/2016','14:30','P004',2,'urticaria severa en pecho y brazos. Crema fungicida 3 veces al día durante 4 dias',65);
Insert into VISITA (NUMVISITA,FECHA,HORA,PACIENTE,SALA,DIAGNOSTICO,PRECIO) values (7,'22/10/2016','16:00','P001',101,'Leve sarpullido en todo el cuerpo. sospecha de sarampión. Vigilar',0);
Insert into VISITA (NUMVISITA,FECHA,HORA,PACIENTE,SALA,DIAGNOSTICO,PRECIO) values (8,'14/05/2017','17:00','P002',1,'Ansiedad por estres<<ÁNIMO QUE VAS A APROBAR>>',25);
Insert into VISITA (NUMVISITA,FECHA,HORA,PACIENTE,SALA,DIAGNOSTICO,PRECIO) values (9,'14/12/2019','17:00','P002',1,'Parece una<<lilolilo>>Gripe fuerte',30);
Insert into VISITA (NUMVISITA,FECHA,HORA,PACIENTE,SALA,DIAGNOSTICO,PRECIO) values (10,'18/01/2020','17:00','P002',1,'<<soy malote>>principio de neumonía',66);
Insert into VISITA (NUMVISITA,FECHA,HORA,PACIENTE,SALA,DIAGNOSTICO,PRECIO) values (11,'22/02/2020','17:00','P002',1,'<<soy malote>>Parece COVID. Aislar',75);
Insert into VISITA (NUMVISITA,FECHA,HORA,PACIENTE,SALA,DIAGNOSTICO,PRECIO) values (12,'15/04/2022','17:00','P002',1,'Sarpullido leve',20);
Insert into VISITA (NUMVISITA,FECHA,HORA,PACIENTE,SALA,DIAGNOSTICO,PRECIO) values (13,'20/05/2022','12:30','P002',113,'GRIPE A+COVID+DETODO <<LA PESTE>>  antibióticos',55);
Insert into VISITA (NUMVISITA,FECHA,HORA,PACIENTE,SALA,DIAGNOSTICO,PRECIO) values (14,'02/01/2023','11:00','P001',111,'GRIPE AVIAR ANTIBIOTICO<<Gallina!!!>>7 DÍAS',15);
Insert into VISITA (NUMVISITA,FECHA,HORA,PACIENTE,SALA,DIAGNOSTICO,PRECIO) values (15,'06/03/2023','12:00','P001',211,'Ansiedad previa fallas. <<pum pum>> Fobia petardos. Calmantes >10 días',45.35);
Insert into VISITA (NUMVISITA,FECHA,HORA,PACIENTE,SALA,DIAGNOSTICO,PRECIO) values (16,'17/02/2024','14:15','P001',112,'Vuelve ansiedad fallas >CALMANTES de nuevo <7 días', 50);
commit;

--EXPERIENCIA
Insert into EXPERIENCIA (NUMVISITA,EXPERIENCIA,VALORACION) values (1,'Atención inmejorable',7);
Insert into EXPERIENCIA (NUMVISITA,EXPERIENCIA,VALORACION) values (4,'Todo correcto',6);
Insert into EXPERIENCIA (NUMVISITA,EXPERIENCIA,VALORACION) values (5,'El médico quería reconocerme. Una vergüenza',3);
Insert into EXPERIENCIA (NUMVISITA,EXPERIENCIA,VALORACION) values (7,'Profesionalidad',8);
Insert into EXPERIENCIA (NUMVISITA,EXPERIENCIA,VALORACION) values (6,'No me ha gustado el trato',5);
Insert into EXPERIENCIA (NUMVISITA,EXPERIENCIA,VALORACION) values (10,'MUY BUENA ATENCIÓN Y TRATO',9);
Insert into EXPERIENCIA (NUMVISITA,EXPERIENCIA,VALORACION) values (11,'NORMAL',6);
commit;